Numero de capitulo;Link
1;https://www66.zippyshare.com/v/Ml6GxRIL/file.html
2;https://www3.zippyshare.com/v/4CL2i7J0/file.html
3;https://www78.zippyshare.com/v/zISqzffs/file.html
4;https://www19.zippyshare.com/v/XzUHWxVG/file.html
5;https://www13.zippyshare.com/v/rtareE8L/file.html
6;https://www109.zippyshare.com/v/tb40Z2QX/file.html
7;https://www78.zippyshare.com/v/VcXOSDIf/file.html
8;https://www46.zippyshare.com/v/fTfxnrsE/file.html
9;https://www95.zippyshare.com/v/2frlO8ne/file.html
10;https://www6.zippyshare.com/v/h69wqcMi/file.html
11;https://www105.zippyshare.com/v/4RxVHdNV/file.html
12;https://www21.zippyshare.com/v/WjpfyDIT/file.html
13;https://www66.zippyshare.com/v/K7EPM73o/file.html
14;https://www28.zippyshare.com/v/D0aMyC0M/file.html
15;https://www31.zippyshare.com/v/aoVq3b2w/file.html
16;https://www12.zippyshare.com/v/iVSBk6iZ/file.html
17;https://www22.zippyshare.com/v/DIeeXgK4/file.html
18;https://www99.zippyshare.com/v/GMPm3m0s/file.html
19;https://www88.zippyshare.com/v/ttLdlCgi/file.html
20;https://www36.zippyshare.com/v/ijZOBeF2/file.html
21;https://www68.zippyshare.com/v/OEmsOFBd/file.html
22;https://www44.zippyshare.com/v/oQzpgbUV/file.html
23;https://www119.zippyshare.com/v/QRYTqN05/file.html
24;https://www88.zippyshare.com/v/6Ok4Mfhy/file.html
25;https://www36.zippyshare.com/v/HDJeRmto/file.html
26;https://www14.zippyshare.com/v/3BcWRTSF/file.html
27;https://www76.zippyshare.com/v/gd8ydrLP/file.html
28;https://www94.zippyshare.com/v/0cB0MayU/file.html
29;https://www41.zippyshare.com/v/btnRm5XB/file.html
30;https://www3.zippyshare.com/v/ptQToThH/file.html
31;https://www81.zippyshare.com/v/FDnMxWIh/file.html
32;https://www101.zippyshare.com/v/6N41c4jo/file.html
33;https://www35.zippyshare.com/v/ylv95x8m/file.html
34;https://www107.zippyshare.com/v/iD50ab41/file.html
35;https://www88.zippyshare.com/v/oZoG6oOV/file.html
36;https://www10.zippyshare.com/v/wPDGtpkj/file.html
37;https://www98.zippyshare.com/v/KBrPjArM/file.html
38;https://www70.zippyshare.com/v/XJhluZtL/file.html
39;https://www104.zippyshare.com/v/8Vfft0Hv/file.html
40;https://www94.zippyshare.com/v/1QWPRP9Y/file.html
41;https://www35.zippyshare.com/v/gAB8O0oa/file.html
42;https://www74.zippyshare.com/v/KM5LZ6gb/file.html
43;https://www13.zippyshare.com/v/JAAa1RVp/file.html
44;https://www116.zippyshare.com/v/lJiLQPtE/file.html
45;https://www74.zippyshare.com/v/rQg8Y0dN/file.html
46;https://www80.zippyshare.com/v/WsbGeAud/file.html
47;https://www16.zippyshare.com/v/CkJJwAgY/file.html
48;https://www28.zippyshare.com/v/YHJN7y9A/file.html
49;https://www101.zippyshare.com/v/uBU5j403/file.html
50;https://www37.zippyshare.com/v/rIkGwVIZ/file.html
51;https://www27.zippyshare.com/v/q7FZtbC6/file.html
52;https://www2.zippyshare.com/v/nH4nX7iG/file.html
53;https://www40.zippyshare.com/v/phdRqoh2/file.html
54;https://www79.zippyshare.com/v/AdvfSLc4/file.html
55;https://www109.zippyshare.com/v/fcE7p22m/file.html
56;https://www2.zippyshare.com/v/rBzPhe9n/file.html
57;https://www64.zippyshare.com/v/Wn06ffcQ/file.html
58;https://www64.zippyshare.com/v/IMhZMJBy/file.html
59;https://www37.zippyshare.com/v/XQrrp6xE/file.html
60;https://www96.zippyshare.com/v/x9e0wml1/file.html
61;https://www4.zippyshare.com/v/B4sWP6ha/file.html
62;https://www98.zippyshare.com/v/XoGl0Et1/file.html
63;https://www33.zippyshare.com/v/AI0KJ65J/file.html
64;https://www44.zippyshare.com/v/HtfJVKE8/file.html
65;https://www114.zippyshare.com/v/LUgrKKs7/file.html
66;https://www46.zippyshare.com/v/YvC95Amh/file.html
67;https://www44.zippyshare.com/v/Mk1E38X6/file.html
68;https://www92.zippyshare.com/v/vTH85gX8/file.html
69;https://www86.zippyshare.com/v/M4uA11RF/file.html
70;https://www24.zippyshare.com/v/DJwoDPlg/file.html
71;https://www105.zippyshare.com/v/ubP2E2nb/file.html
72;https://www59.zippyshare.com/v/d0pttg0E/file.html
73;https://www44.zippyshare.com/v/DT8mIJd2/file.html
74;https://www96.zippyshare.com/v/2UF5Wryj/file.html
75;https://www15.zippyshare.com/v/2Ic5vscE/file.html
76;https://www98.zippyshare.com/v/21vHeOje/file.html
77;https://www85.zippyshare.com/v/oaDkPtuZ/file.html
78;https://www115.zippyshare.com/v/is1zHx8v/file.html
79;https://www72.zippyshare.com/v/N4Da28r0/file.html
80;https://www55.zippyshare.com/v/9kW9GHUs/file.html
81;https://www39.zippyshare.com/v/JfZTJjAq/file.html
82;https://www20.zippyshare.com/v/Qx7aNAOH/file.html
83;https://www81.zippyshare.com/v/z6VnAcX5/file.html
84;https://www10.zippyshare.com/v/jd1qlTna/file.html
85;https://www31.zippyshare.com/v/bP6ST309/file.html
86;https://www54.zippyshare.com/v/OMkfhh44/file.html
87;https://www52.zippyshare.com/v/j30ZcecF/file.html
88;https://www104.zippyshare.com/v/XGz4lMLI/file.html
89;https://www80.zippyshare.com/v/LuYwDJc2/file.html
90;https://www117.zippyshare.com/v/d3jueavf/file.html
91;https://www113.zippyshare.com/v/fWpV17O7/file.html
92;https://www62.zippyshare.com/v/4XhOQbgG/file.html
93;https://www113.zippyshare.com/v/CHclQHNy/file.html
94;https://www61.zippyshare.com/v/g39Nr2Jh/file.html
95;https://www33.zippyshare.com/v/UNIIOt0P/file.html
96;https://www4.zippyshare.com/v/y82ZXPMQ/file.html
97;https://www83.zippyshare.com/v/MwjjvPep/file.html
98;https://www15.zippyshare.com/v/B0ytTKVs/file.html
99;https://www8.zippyshare.com/v/ukqZ2hKU/file.html
100;https://www45.zippyshare.com/v/bVSsFQ0J/file.html
101;https://www34.zippyshare.com/v/JfaVrH6G/file.html
102;https://www66.zippyshare.com/v/s8kSP92g/file.html
103;https://www21.zippyshare.com/v/ATuOrSpX/file.html
104;https://www78.zippyshare.com/v/x4yKAL05/file.html
105;https://www61.zippyshare.com/v/03oDcTMQ/file.html
106;https://www43.zippyshare.com/v/YFYrq4hY/file.html
107;https://www13.zippyshare.com/v/xACjMIAP/file.html
